,psno_ps,S.N0.,turnout_percentage_ps,turnout_ps,psno_ecp,psno_pti,Total,est_ecp,pti_ecp,est_pti,pti_pti,turnout_ecp,turnout_pti,Total Voters_f45,turnout_official,est_diff,est_pti_fixed,pti_pti_fixed,turnout_pti_fixed,pti_diff,turnout_diff,ecp_pti_discrepency,pti_won_acc_ecp,ecp_winner,pti_winner,Name,Total Voters_ps
0,,1,,,1,1,2279,62,348,62,348,811,811,2279,0.3558578324,0,62,348,811,0,0,False,True,Muhammad Haris PTI,Muhammad Haris PTI,1 GBSS NA Abbassi (Combined)-I,2279
1,,2,,,2,2,0,1492,38,Missing,Missing,1753,Missing,1784,0.9826233184,0,1492,38,1753,0,0,False,False,Muhammad Javaid Hanif MQM,Muhammad Javaid Hanif MQM,Baldia Government Boys secondary School C/1 Landhi No 3 (Combined)-I,1784
2,,3,,,3,3,0,1603,19,103,219,1884,580,1953,0.9646697389,1500,103,219,580,200,1304,True,False,Muhammad Javaid Hanif MQM,Muhammad Haris PTI,Baldia Government Boys secondary School C/1 Landhl No 3 (Combined)-II,1953
3,,4,,,4,4,2400,100,276,100,276,938,946,2389,0.3926329008,0,100,276,946,0,8,False,True,Muhammad Haris PTI,Muhammad Haris PTI,GOVT BOYS PRIMARY SCHOOL C/1 LANDHI (Male)-I,2389
4,,5,,,5,5,2200,52,211,52,211,572,2200,2184,0.2619047619,0,52,211,2200,0,1628,False,True,Muhammad Haris PTI,Muhammad Haris PTI,GOVT BOYS PRIMARY SCHOOL C/1 LANDHI (Female)-I,2184
5,,6,,,6,6,0,1710,68,110,68,1969,569,2094,0.9403056351,1600,110,68,569,0,1400,False,False,Muhammad Javaid Hanif MQM,Muhammad Javaid Hanif MQM,Government Boys Primary School No. 13 Area 1/0 Landhi Near Christian Colony (Combined)-I,2094
6,,7,,,7,7,0,96,255,96,255,716,716,2088,0.3429118774,0,96,255,716,0,0,False,True,Muhammad Haris PTI,Muhammad Haris PTI,Govt. boys Secondary School Paris Mill Landhi (Male)-I,2088
7,,8,,,8,8,1832,34,163,34,163,332,332,1832,0.1812227074,0,34,163,332,0,0,False,True,Muhammad Haris PTI,Muhammad Haris PTI,Govt. boys Secondary School Paris Mill Landhi (Female)-I,1832
8,,9,,,9,9,1687,77,245,77,245,529,529,1687,0.3135743924,0,77,245,529,0,0,False,True,Muhammad Haris PTI,Muhammad Haris PTI,"Govt, boys Secondary School Paris Mill Landhi (Combined)-II",1687
9,,10,,,10,10,1052,27,100,27,100,287,287,1052,0.2728136882,0,27,100,287,0,0,False,True,Muhammad Haris PTI,Muhammad Haris PTI,AI-Hijra Education System (Combined),1052
10,,11,,,11,11,532,80,175,80,175,528,528,2485,0.2124748491,0,80,175,528,0,0,False,True,Muhammad Haris PTI,Muhammad Haris PTI,The Advance School Montessori System (Combined),2485
11,,12,,,12,12,0,152,275,152,275,873,873,2264,0.3856007067,0,152,275,873,0,0,False,True,Muhammad Haris PTI,Muhammad Haris PTI,Baldia Primary School Noor Manzi! Landhi school No.132 (Male),2264
12,,13,,,13,13,1859,35,187,35,187,1859,1859,1859,1.0,0,35,187,1859,0,0,False,True,Muhammad Haris PTI,Muhammad Haris PTI, Baldia Primary School Noor Manzil Landhl school No.I 32(Female),1859
13,,14,,,14,14,2274,1763,25,163,325,2193,901,2274,0.9643799472,1600,163,325,901,300,1292,True,False,Muhammad Javaid Hanif MQM,Muhammad Haris PTI,OMCMuhammad Ali Jinnah Model Noor Manzll 32 l.andhl(Male),2274
14,,15,,,15,15,0,50,217,50,217,450,450,2036,0.221021611,0,50,217,450,0,0,False,True,Muhammad Haris PTI,Muhammad Haris PTI,DMC Muhammad All Jinnah Model Noor Manzil 32 Landhi (Female),2036
15,,16,,,16,16,1747,105,211,105,211,1447,1447,1747,0.8282770464,0,105,211,1447,0,0,False,True,Muhammad Haris PTI,Muhammad Haris PTI,Baldla Primary School Noor Manzll landhl NO 1 (Male),1747
16,,17,,,17,17,1441,51,147,51,147,337,337,1441,0.2338653713,0,51,147,337,0,0,False,True,Muhammad Haris PTI,Muhammad Haris PTI,Baldia Primary School Noor Manzil Landhl NO 1 (Female),1441
17,,18,,,18,18,0,832,42,48,Missing,1038,Missing,2521,0.4117413725,784,48,42,1038,0,0,False,False,Muhammad Javaid Hanif MQM,Muhammad Javaid Hanif MQM,Taj Unique School System campus 2 Bhutto Nacar (Combined),2521
18,,19,,,19,19,1741,80,165,80,165,541,541,1714,0.3156359393,0,80,165,541,0,0,False,True,Muhammad Haris PTI,Muhammad Haris PTI,Government Boys Primary School imam Memorial (Near Imam Memmorial Ground) (Combined),1714
19,,20,,,20,20,1460,36,121,36,121,386,386,1460,0.2643835616,0,36,121,386,0,0,False,True,Muhammad Haris PTI,Muhammad Haris PTI,Govt. Girts Secondary School NO 1 landhi No.1 (Comblned),1460
20,,21,,,21,21,0,36,106,36,106,366,368,880,0.4159090909,0,36,106,368,0,2,False,True,Muhammad Haris PTI,Muhammad Haris PTI,Govt.Girls Secondary School NO 1 landhlNo.1 (Male),880
21,,22,,,22,22,0,15,83,15,83,228,168,767,0.29726206,0,15,83,168,0,60,False,True,Muhammad Haris PTI,Muhammad Haris PTI,Govt. Girts Secondary School NO 1 l.andhl No. 1 (Female)-11,767
22,,23,,,23,23,557,52,219,52,219,557,557,1795,0.3103064067,0,52,219,557,0,0,False,True,Muhammad Haris PTI,Muhammad Haris PTI,Government Boys Hi1h school l.andhl No. 1 Cl  Landhi (Combined),1795
23,,24,,,24,24,1507,78,192,78,192,496,496,1507,0.3291307233,0,78,192,496,0,0,False,True,Muhammad Haris PTI,Muhammad Haris PTI,G<M. Girls Hlche<.sÂ«ondary School NO1 landhl No.1 ICombined),1507
24,,25,,,25,25,0,66,191,66,191,626,626,2465,0.2539553753,0,66,191,626,0,0,False,True,Muhammad Haris PTI,Muhammad Haris PTI,Gowmment Boys hiSh School No. 7 ArH 37-0 (Male,2465
25,,26,,,26,26,1991,65,410,65,410,923,923,1994,0.462888666,0,65,410,923,0,0,False,True,Muhammad Haris PTI,Muhammad Haris PTI,Gowrnment Boys hiSh SchoolNo. 7 ArH  37-0 (Female,1994
26,,27,,,27,27,1900,58,271,58,271,612,512,1805,0.3390581717,0,58,271,512,0,100,False,True,Muhammad Haris PTI,Muhammad Haris PTI,GOVT BOYS PRIMARY SCHOOL Cl'flLANDHI ICombined,1805
27,,28,,,28,28,1482,42,336,42,336,635,635,1483,0.4281861092,0,42,336,635,0,0,False,True,Muhammad Haris PTI,Muhammad Haris PTI,Gowrnment Boys hlch School No. 7 ArH 37-0 (Combined,1483
28,,29,,,29,29,2183,107,299,107,299,819,819,2133,0.3839662447,0,107,299,819,0,0,False,True,Muhammad Haris PTI,Muhammad Haris PTI,"GOYemment Boys Prlm,,ry School No. 9 Landhi(Combined",2133
29,,30,,,30,30,2204,104,440,104,440,825,825,2204,0.3743194192,0,104,440,825,0,0,False,True,Muhammad Haris PTI,Muhammad Haris PTI,Millat lslamla Girls High School 37-0 Landhi (Combined,2204
30,,31,,,31,31,1629,68,299,92,138,533,449,1629,0.3271945979,24,92,138,449,161,84,True,True,Muhammad Haris PTI,Muhammad Haris PTI, hidla Girls Primary School No. 33 landhi No. 2 (Combined,1629
31,,32,,,32,32,2394,1943,31,49,331,2323,824,2394,0.970342523,1894,49,331,824,300,1499,True,False,Muhammad Javaid Hanif MQM,Muhammad Haris PTI,GC Yemment Boys Secondary School No. 5 IJAU WAI.Al Landhl No 3 (Combined,2394
32,,33,,,33,33,2204,86,248,86,248,777,777,2204,0.3525408348,0,86,248,777,0,0,False,True,Muhammad Haris PTI,Muhammad Haris PTI,OMC Muhammad Ali Jinnah Model School Campus 3 (NNr Jali Wala School) (Combined,2204
33,,34,,,34,34,1591,58,227,58,227,645,645,1591,0.4054054054,0,58,227,645,0,0,False,True,Muhammad Haris PTI,Muhammad Haris PTI,DMC Muhammad Ali Jinnah Model School Campus 3 (N-     Jali Wala School) (Combined,1591
34,,35,,,35,35,1987,71,226,71,226,699,699,1987,0.351786613,0,71,226,699,0,0,False,True,Muhammad Haris PTI,Muhammad Haris PTI,Government Girls Oas- Co11ege landhl No. 31 (2  (Mariam College) (Combined)-,1987
35,,36,,,36,36,2276,93,250,93,250,865,865,2276,0.3800527241,0,93,250,865,0,0,False,True,Muhammad Haris PTI,Muhammad Haris PTI,Government Girls Oas- Co11ege landhl No. 31 (2  (Mariam College) (Combined)-II,2276
36,,37,,,37,37,1492,172,219,72,219,610,510,1492,0.408847185,100,72,219,510,0,100,False,True,Muhammad Haris PTI,Muhammad Haris PTI,"Govt polytethec institute (For Women) babar market, landhi (combined)-I",1492
37,,38,,,38,38,1444,174,200,74,200,581,481,1444,0.4023545706,100,74,200,481,0,100,False,True,Muhammad Haris PTI,Muhammad Haris PTI,"Govt polytethec institute (For Women) babar market, landhi (combined)-II",1444
38,,39,,,39,39,2395,225,306,125,Missing,852,Missing,2395,0.3557411273,100,125,306,852,0,0,False,True,Muhammad Haris PTI,Muhammad Haris PTI,"Govt polytethec institute (For Women) babar market, landhi (combined)-III",2395
39,,40,,,40,40,1554,72,283,72,283,556,556,1554,0.3577863578,0,72,283,556,0,0,False,True,Muhammad Haris PTI,Muhammad Haris PTI,"Govt polytethec institute (For Boys) babar market, landhi (combined)-I",1554
40,,41,,,41,41,1953,39,257,39,257,687,687,1953,0.3517665131,0,39,257,687,0,0,False,True,Muhammad Haris PTI,Muhammad Haris PTI,"Govt polytethec institute (For Boys) babar market, landhi (combined)-II",1953
41,,42,,,42,42,1574,56,197,56,197,575,575,1574,0.3653113088,0,56,197,575,0,0,False,True,Muhammad Haris PTI,Muhammad Haris PTI,Govt. Boys Primary school no.5 Jali wala school landhi no. 3 (Combined)-I,1574
42,,43,,,43,43,2092,86,247,86,247,801,801,2091,0.3830703013,0,86,247,801,0,0,False,True,Muhammad Haris PTI,Muhammad Haris PTI,Govt. Boys Primary school no.5 Jali wala school landhi no. 3 (Combined)-II,2091
43,,44,,,44,44,0,881,3,881,3,1204,1204,1302,0.9247311828,0,881,3,1204,0,0,False,False,Muhammad Javaid Hanif MQM,Muhammad Javaid Hanif MQM,Govt.Protect Landhi-1 (Combined)-I,1302
44,,45,,,45,45,2148,162,222,162,222,694,694,2148,0.3230912477,0,162,222,694,0,0,False,True,Muhammad Haris PTI,Muhammad Haris PTI,Bldia Boys pre school Rsc 37 / 38 Ajmer colony (combined)-I,2148
45,,46,,,46,46,0,1096,46,96,146,1369,456,1444,0.9480609418,1000,96,146,456,100,913,True,False,Muhammad Javaid Hanif MQM,Muhammad Haris PTI,Bldia Boys pre school Rsc 27 / 28 Ajmer colony (combined)-II,1444
46,,47,,,47,47,2276,109,468,109,468,899,899,2276,0.3949912127,0,109,468,899,0,0,False,True,Muhammad Haris PTI,Muhammad Haris PTI,Bldia Boys pre school Rsc 37 / 38 Ajmer colony (combined)-III,2276
47,,48,,,48,48,1724,175,147,175,147,608,608,1724,0.3526682135,0,175,147,608,0,0,False,False,Muhammad Javaid Hanif MQM,Muhammad Javaid Hanif MQM,Bldia Boys pre school Rsc 37 / 38 Ajmer colony (combined)-IV,1724
48,,49,,,49,49,1745,74,155,74,155,503,503,1745,0.288252149,0,74,155,503,0,0,False,True,Muhammad Haris PTI,Muhammad Haris PTI,Pacific Grammer school Noor Ahmad Masjid Landhi (Combined)-I,1745
49,,50,,,50,50,2076,87,257,87,257,810,810,2076,0.3901734104,0,87,257,810,0,0,False,True,Muhammad Haris PTI,Muhammad Haris PTI,DMC school No. 35/36 Shah khalid colony Landhi (tezgam) (Combined)-I,2076
50,,51,,,51,51,2225,473,287,73,287,1111,710,2225,0.4993258427,400,73,287,710,0,401,False,False,Muhammad Javaid Hanif MQM,Muhammad Haris PTI,Govt Boys Primary School No. 1 Bagh wala Landhi 2 / B Area (Combined)-I,2225
51,,52,,,52,52,2059,1350,255,50,255,1943,672,2059,0.9436619718,1300,50,255,672,0,1271,False,False,Muhammad Javaid Hanif MQM,Muhammad Haris PTI,Govt Boys Primary School No. 1 Bagh wala Landhi 2 / B Area (Combined)-II,2059
52,,53,,,53,53,1963,95,255,95,255,717,717,1963,0.3652572593,0,95,255,717,0,0,False,True,Muhammad Haris PTI,Muhammad Haris PTI,Govt Girls Primary School No. 2 Bagh wala Landhi 1 / 2 (near Bagh Wala) (Combined)-I,1963
53,,54,,,54,54,2050,109,264,109,264,1024,1024,2050,0.4995121951,0,109,264,1024,0,0,False,True,Muhammad Haris PTI,Muhammad Haris PTI,"Iqbal Boys Govt. Secondary School, 2-c (Male)-I",2050
54,,55,,,55,55,1687,39,201,39,201,569,569,1674,0.3399044205,0,39,201,569,0,0,False,True,Muhammad Haris PTI,Muhammad Haris PTI,"Iqbal Boys Govt. Secondary School, 2-c (Male)-II",1674
55,,56,,,56,56,0,72,199,72,199,645,645,1515,0.4257425743,0,72,199,645,0,0,False,True,Muhammad Haris PTI,Muhammad Haris PTI,Govt. Boys science College 36/B zamanabad Landhi (Male)-I,1515
56,,57,,,57,57,1280,30,141,30,141,310,310,1280,0.2421875,0,30,141,310,0,0,False,True,Muhammad Haris PTI,Muhammad Haris PTI,Govt. Boys science College 36/B zamanabad Landhi (FeMale)-I,1280
57,,58,,,58,58,1834,1444,98,44,198,1746,650,1834,0.9520174482,1400,44,198,650,100,1096,True,False,Muhammad Javaid Hanif MQM,Muhammad Haris PTI,Govt. Boys science College 36/B zamanabad Landhi (Combined)-I,1834
58,,59,,,59,59,2300,128,258,Missing,258,959,959,2243,0.4275523852,0,128,258,959,0,0,False,True,Muhammad Haris PTI,Muhammad Haris PTI,DMC Muhammad Ali Jinnah Model School 2B Landhi (Male)-I,2243
59,,60,,,60,60,1888,51,177,51,177,447,447,1888,0.2367584746,0,51,177,447,0,0,False,True,Muhammad Haris PTI,Muhammad Haris PTI,DMC Muhammad Ali Jinnah Model School 2B Landhi (FeMale)-I,1888
60,,61,,,61,61,2512,79,317,79,317,995,995,2513,0.3959411062,0,79,317,995,0,0,False,True,Muhammad Haris PTI,Muhammad Haris PTI,Govt Boys Primary School 5/D Landhi No.6 (Male)-I,2513
61,,62,,,62,62,0,33,1,33,198,474,466,2200,0.2154545455,0,33,198,466,197,8,False,False,Muhammad Javaid Hanif MQM,Muhammad Haris PTI,Govt Boys Primary School 5/D Landhi No.6 (FeMale)-I,2200
62,,63,,,63,63,2412,58,298,58,298,908,908,2412,0.3764510779,0,58,298,908,0,0,False,True,Muhammad Haris PTI,Muhammad Haris PTI,Govt Boys Secondary School No 2 Landhi No 5 (Gosht Market School)(Male)-I,2412
63,,64,,,64,64,2100,25,195,25,195,477,477,2109,0.226173542,0,25,195,477,0,0,False,True,Muhammad Haris PTI,Muhammad Haris PTI,Govt Boys Secondary School No 2 Landhi No 5 (Gosht Market School)(FeMale)-I,2109
64,,65,,,65,65,0,86,361,86,361,927,927,2578,0.3595810706,0,86,361,927,0,0,False,True,Muhammad Haris PTI,Muhammad Haris PTI,Govt Boys Secondary School No 2 Landhi No 5 (Gosht Market School)(Male)-II,2578
65,,66,,,66,66,2090,31,213,31,213,440,440,2090,0.2105263158,0,31,213,440,0,0,False,True,Muhammad Haris PTI,Muhammad Haris PTI,Govt Boys Secondary School No 2 Landhi No 5 (FeMale)-II,2090
66,,67,,,67,67,2381,116,345,116,346,961,961,2381,0.4036119278,0,116,346,961,1,0,False,True,Muhammad Haris PTI,Muhammad Haris PTI,GBPS NO.4 Landhi No.5 (Male)-I,2381
67,,68,,,68,68,0,1,2011,Missing,Missing,435,Missing,1872,0.2323717949,0,1,2011,435,0,0,False,True,Muhammad Haris PTI,Muhammad Haris PTI,GBPS NO.4 Landhi No.5 (FeMale)-I,1872
68,,69,,,69,69,1750,94,212,94,212,735,735,1751,0.4197601371,0,94,212,735,0,0,False,True,Muhammad Haris PTI,Muhammad Haris PTI,GBPS NO.4 Landhi No.5 (Male)-II,1751
69,,70,,,70,70,1451,42,164,Missing,Missing,383,Missing,1451,0.2639558925,0,42,164,383,0,0,False,True,Muhammad Haris PTI,Muhammad Haris PTI,GBPS NO.4 Landhi No.5 (FeMale)-II,1451
70,,71,,,71,71,1682,97,205,97,205,591,591,1682,0.3513674197,0,97,205,591,0,0,False,True,Muhammad Haris PTI,Muhammad Haris PTI,Govt. Boys Primary Gujrati School Landhi No 5 /2 (Combined)-I,1682
71,,72,,,72,72,0,60,201,60,201,450,450,2189,0.2055733212,0,60,201,450,0,0,False,True,Muhammad Haris PTI,Muhammad Haris PTI,Millat Secondary School Area 5C Landhi No. 6 (Combined)-I,2189
72,,73,,,73,73,2000,1587,60,87,260,1911,711,2012,0.9498011928,1500,87,260,711,200,1200,True,False,Muhammad Javaid Hanif MQM,Muhammad Haris PTI,Baldia Boys'Girls Secondary School.Social Ground Landhi No. 6 (Male)-1,2012
73,,74,,,74,74,1710,25,157,25,157,333,333,1710,0.1947368421,0,25,157,333,0,0,False,True,Muhammad Haris PTI,Muhammad Haris PTI,Baldia Boys'Girls Secondary School.Social Ground Landhi No. 6 (FeMale)-1,1710
74,,75,,,75,75,2029,78,270,78,270,674,Missing,2029,0.3321833415,0,78,270,674,0,0,False,True,Muhammad Haris PTI,Muhammad Haris PTI,Baldia Boys'Girls Secondary School.Social Ground Landhi No. 6 (Male)-II,2029
75,,76,,,76,76,1526,29,129,29,129,300,300,1526,0.1965923984,0,29,129,300,0,0,False,True,Muhammad Haris PTI,Muhammad Haris PTI,Baldia Boys'Girls Secondary School.Social Ground Landhi No. 6 (FeMale)-II,1526
76,,77,,,77,77,1763,71,185,Missing,Missing,599,Missing,1763,0.3397617697,0,71,185,599,0,0,False,True,Muhammad Haris PTI,Muhammad Haris PTI,Baldia Boys'Girls Secondary School.Social Ground Landhi No. 6 (Combined)-I,1763
77,,78,,,78,78,0,650,300,Missing,Missing,1132,Missing,1946,0.5817060637,0,650,300,1132,0,0,False,False,Muhammad Javaid Hanif MQM,Muhammad Javaid Hanif MQM, Mlllat Secondary School Area SC Landhl No. 6 (Combined),1946
78,,79,,,79,79,719,47,21,47,21,614,614,1719,0.3571844095,0,47,21,614,0,0,False,False,Muhammad Javaid Hanif MQM,Muhammad Javaid Hanif MQM,"DMC Muhammad Ali Jinnah Model School 36'/""8 Landhi Zamanabad (Male)",1719
79,,80,,,80,80,1543,21,190,21,190,372,372,1543,0.2410887881,0,21,190,372,0,0,False,True,Muhammad Haris PTI,Muhammad Haris PTI,"DMC Muhammad All Jinnah Model School 36'/""B Landhl Zamanabad (Female)-I",1543
80,,81,,,81,81,1402,923,79,Missing,Missing,1240,Missing,1402,0.8844507846,0,923,79,1240,0,0,False,False,Muhammad Javaid Hanif MQM,Muhammad Javaid Hanif MQM,"DMC Muhammad Ali Jinnah Model School 36'/""B Landhi Zamanabad (Combined)-I",1402
81,,82,,,82,82,2188,47,291,Missing,Missing,583,Missing,2188,0.2664533821,0,47,291,583,0,0,False,True,Muhammad Haris PTI,Muhammad Haris PTI,Government Boys Secondary School 36/8 Landhi (Combined)-I,2188
82,,83,,,83,83,2022,58,391,Missing,Missing,697,Missing,2022,0.3447082097,0,58,391,697,0,0,False,True,Muhammad Haris PTI,Muhammad Haris PTI,"Government Girls Secondary School 36'/""B Landhi (Combined)-I",2022
83,,84,,,84,84,1499,109,201,109,201,565,558,1499,0.3769179453,0,109,201,558,0,7,False,True,Muhammad Haris PTI,Muhammad Haris PTI,Government Giru Secondary School 36/8 Landhl (Comblned)-II,1499
84,,85,,,85,85,1991,94,241,Missing,Missing,737,Missing,1991,0.3701657459,0,94,241,737,0,0,False,True,Muhammad Haris PTI,Muhammad Haris PTI,Government Girls Secondary School 36/8 Landhl (Combined}-111,1991
85,,86,,,86,86,2151,115,266,Missing,Missing,855,Missing,2151,0.3974895397,0,115,266,855,0,0,False,True,Muhammad Haris PTI,Muhammad Haris PTI,Government Girls Secondary School 36/B landhi(Combined)-lV,2151
86,,87,,,87,87,2359,1140,26,83,253,1624,770,2359,0.6884272997,1057,83,253,770,227,854,True,False,Muhammad Javaid Hanif MQM,Muhammad Haris PTI,Shaheen Secondary School 36/B Landhl (Male}-1,2359
87,,88,,,88,88,2057,40,156,40,156,2057,2057,2057,1.0,0,40,156,2057,0,0,False,True,Muhammad Haris PTI,Muhammad Haris PTI,Shaheen Secondary School 36/B landhi (Female)-1,2057
88,,89,,,89,89,2235,97,319,97,319,943,943,2235,0.4219239374,0,97,319,943,0,0,False,True,Muhammad Haris PTI,Muhammad Haris PTI,Government Inter Boys Colleee 36/B landhi (Male)-1,2235
89,,90,,,90,90,1918,1554,37,54,237,1847,547,1918,0.9629822732,1500,54,237,547,200,1300,True,False,Muhammad Javaid Hanif MQM,Muhammad Haris PTI,Government Inter Boys Colleee 36'/'B landhi (Female)-1,1918
90,,91,,,91,91,0,543,38,81,236,846,863,1828,0.4628008753,462,81,236,863,198,17,True,False,Muhammad Javaid Hanif MQM,Muhammad Haris PTI,Baldia Govt Girls Secondary School 36/B landhl (Combined),1828
91,,92,,,92,92,1898,62,178,Missing,Missing,514,Missing,1898,0.2708113804,0,62,178,514,0,0,False,True,Muhammad Haris PTI,Muhammad Haris PTI,Baldia Govt Girls Secondary School 36/B landhl (Combined)-II,1898
92,,93,,,93,93,610,1693,7,Missing,Missing,1996,Missing,2050,0.9736585366,0,1693,7,1996,0,0,False,False,Muhammad Javaid Hanif MQM,Muhammad Javaid Hanif MQM,Baldia Govt Girls Secondary School 36/B landhl (Combined)-III,2050
93,,94,,,94,94,2297,72,347,48,220,795,542,2300,0.3456521739,24,48,220,542,127,253,True,True,Muhammad Haris PTI,Muhammad Haris PTI,Baldia Govt Girls Secondary School 36/B landhl (Combined)-IV,2300
94,,95,,,95,95,2395,1688,26,88,326,2305,1005,2395,0.9624217119,1600,88,326,1005,300,1300,True,False,Muhammad Javaid Hanif MQM,Muhammad Haris PTI,Government Boys Primary School No 11 landhi 36/D(Male)-1,2395
95,,96,,,96,96,1881,1648,20,Missing,Missing,1842,Missing,1881,0.9792663477,0,1648,20,1842,0,0,False,False,Muhammad Javaid Hanif MQM,Muhammad Javaid Hanif MQM,Government Boys Primary School No 11 landhi 36/D(FeMale)-1,1881
96,,97,,,97,97,2349,86,311,86,311,938,938,2349,0.3993188591,0,86,311,938,0,0,False,True,Muhammad Haris PTI,Muhammad Haris PTI, Govt.Girls Secondary School Landhi 1/2 (Male)-1,2349
97,,98,,,98,98,0,1642,27,42,227,1903,503,1960,0.9709183673,1600,42,227,503,200,1400,True,False,Muhammad Javaid Hanif MQM,Muhammad Haris PTI, Govt.Girls Secondary School Landhi 1/2 (FeMale)-1,1960
98,,99,,,99,99,0,35,160,35,160,637,637,1785,0.3568627451,0,35,160,637,0,0,False,True,Muhammad Haris PTI,Muhammad Haris PTI,DMC School No. 59 Shareef Colony (Comblned)-I,1785
99,,100,,,100,100,832,67,223,67,223,832,832,2419,0.3439437784,0,67,223,832,0,0,False,True,Muhammad Haris PTI,Muhammad Haris PTI,Govermment Boys Primary School 36--G Sahreef Colony (Male)-l,2419
100,,101,,,101,101,2002,22,161,22,161,2002,2002,2002,1.0,0,22,161,2002,0,0,False,True,Muhammad Haris PTI,Muhammad Haris PTI,Govermment Boys Primary School 36--G Sahreef Colony (FeMale)-l,2002
101,,102,,,102,102,1062,46,188,46,188,1062,1062,2791,0.3805087782,0,46,188,1062,0,0,False,True,Muhammad Haris PTI,Muhammad Haris PTI,Govermment Boys Primary School 36--G Sahreef Colony (Combinied)-l,2791
102,,103,,,103,103,1857,36,138,36,138,718,718,1857,0.3866451265,0,36,138,718,0,0,False,True,Muhammad Haris PTI,Muhammad Haris PTI,Rabnawaz English Grammer Secondary (Private School) 36 G Shareef Colony (Combined)-I,1857
103,,104,,,104,104,0,57,251,57,251,846,Missing,2207,0.3833257816,0,57,251,846,0,0,False,True,Muhammad Haris PTI,Muhammad Haris PTI,GBHSS No.  2 K Area Korangi (Comblned)-I,2207
104,,105,,,105,105,1977,13,134,13,134,516,516,1977,0.2610015175,0,13,134,516,0,0,False,True,Muhammad Haris PTI,Muhammad Haris PTI,GBHSS No.  2 K Area Korangi (Comblned)-II,1977
105,,106,,,106,106,2419,55,222,55,222,779,779,2419,0.3220338983,0,55,222,779,0,0,False,True,Muhammad Haris PTI,Muhammad Haris PTI,GBHSS No.  2 K Area Korangi (Comblned)-III,2419
106,,107,,,107,107,2351,75,383,75,383,746,746,2351,0.3173117822,0,75,383,746,0,0,False,True,Muhammad Haris PTI,Muhammad Haris PTI,GBHSS No.  2 K Area Korangi (Comblned)-IV,2351
107,,108,,,108,108,0,87,268,87,Missing,657,Missing,2302,0.2854039965,0,87,268,657,0,0,False,True,Muhammad Haris PTI,Muhammad Haris PTI,Govemment Girls Secondary School No. 1 K Area Koning! (Comblned)-I,2302
108,,109,,,109,109,1700,41,272,41,272,558,558,1711,0.3261250731,0,41,272,558,0,0,False,True,Muhammad Haris PTI,Muhammad Haris PTI,Govemment Girls Secondary School No. 1 K Area Koning! (Comblned)-II,1711
109,,110,,,110,110,2382,64,381,64,381,985,985,2392,0.4117892977,0,64,381,985,0,0,False,True,Muhammad Haris PTI,Muhammad Haris PTI,Govemment Girls Secondary School No. 1 K Area Koning! (Comblned)-III,2392
110,,111,,,111,111,1800,96,214,96,214,1800,1800,1795,1.002785515,0,96,214,1800,0,0,False,True,Muhammad Haris PTI,Muhammad Haris PTI,Asif Government Boys Secondary School 36-8 Landhl (Male)-I,1795
111,,112,,,112,112,1500,950,119,50,119,1278,396,1440,0.8875,900,50,119,396,0,882,False,False,Muhammad Javaid Hanif MQM,Muhammad Haris PTI,Asif Government Boys Secondary School 36-B Landhi (Female}-I,1440
112,,113,,,113,113,5126,2075,81,Missing,Missing,2534,Missing,2563,0.9886851346,0,2075,81,2534,0,0,False,False,Muhammad Javaid Hanif MQM,Muhammad Javaid Hanif MQM,Noor Public School K Area Double Room (Combined)-!,2563
113,,114,,,114,114,1777,1583,5,Unclear,105,1750,472,1817,0.9631260319,0,1583,105,472,100,1278,False,False,Muhammad Javaid Hanif MQM,Muhammad Javaid Hanif MQM,GGPS No.  7 Korangi No. 6 (Combined)-!,1817
114,,115,,,115,115,0,69,354,69,354,827,827,2387,0.3464599916,0,69,354,827,0,0,False,True,Muhammad Haris PTI,Muhammad Haris PTI,GGPS No. 7 Korangi No. 6 (Combined)-11,2387
115,,116,,,116,116,1916,79,145,79,145,532,532,1916,0.2776617954,0,79,145,532,0,0,False,True,Muhammad Haris PTI,Muhammad Haris PTI,GGPS No. 7 KorangI No. 6 (Combined)-111,1916
116,,117,,,117,117,851,27,476,27,476,851,851,2132,0.3991557223,0,27,476,851,0,0,False,True,Muhammad Haris PTI,Muhammad Haris PTI,GGPS No. 7 Korangl No. 6 (Combined}-IV,2132
117,,118,,,118,118,0,1297,62,Missing,Missing,1493,Missing,1539,0.9701104613,0,1297,62,1493,0,0,False,False,Muhammad Javaid Hanif MQM,Muhammad Javaid Hanif MQM,Baldia GBSS J Area Korangl (male}-I,1539
118,,119,,,119,119,0,22,161,22,161,407,407,1347,0.3021529324,0,22,161,407,0,0,False,True,Muhammad Haris PTI,Muhammad Haris PTI,Baldia GBSS J Area Korangl (Female}-I,1347
119,,120,,,120,120,1829,1444,45,1444,145,1788,489,1829,0.9775833789,0,1444,145,489,100,1299,False,False,Muhammad Javaid Hanif MQM,Muhammad Javaid Hanif MQM,Taj Terbiyat Project PrivateSchool 4/C Block 3 (Combined)-I,1829
120,,121,,,121,121,617,16,88,16,88,226,226,617,0.3662884927,0,16,88,226,0,0,False,True,Muhammad Haris PTI,Muhammad Haris PTI,Shameem Memorial Academy 36/C landhi (Combined)-I,617
121,,122,,,122,122,2322,70,231,70,231,604,604,2322,0.2601205857,0,70,231,604,0,0,False,True,Muhammad Haris PTI,Muhammad Haris PTI,Siraj Academy 40 Landhi No. 6 (Private) School (Combined)-I,2322
122,,123,,,123,123,2759,154,58,154,58,973,973,2758,0.3527918782,0,154,58,973,0,0,False,False,Muhammad Javaid Hanif MQM,Muhammad Javaid Hanif MQM,Goverment Boys Primary School KTS No. 9 Korangi No. 6 (Male)-l,2758
123,,124,,,124,124,0,55,235,55,235,474,470,2452,0.1933115824,0,55,235,470,0,4,False,True,Muhammad Haris PTI,Muhammad Haris PTI,Goverment Boys Primary School KTS No. 9 Korangi No. 6 (FeMale)-l,2452
124,,125,,,125,125,0,106,252,106,252,812,812,1758,0.4618885097,0,106,252,812,0,0,False,True,Muhammad Haris PTI,Muhammad Haris PTI,Goverment Boys Primary School 36/C Landhl 6 (male),1758
125,,126,,,126,126,1390,44,129,44,129,340,340,1390,0.2446043165,0,44,129,340,0,0,False,True,Muhammad Haris PTI,Muhammad Haris PTI,Goverment Boys Primary School 36/C Landhl 6 (Female),1390
126,,127,,,127,127,2386,71,231,71,231,730,730,2386,0.3059513831,0,71,231,730,0,0,False,True,Muhammad Haris PTI,Muhammad Haris PTI,SV Memorial (PVT) 4D Landhl No.6 (Combined)-I,2386
127,,128,,,128,128,0,103,452,103,452,980,980,2124,0.461393597,0,103,452,980,0,0,False,True,Muhammad Haris PTI,Muhammad Haris PTI,SV Memorial (PVT) 4D Landhl No.6 (Male)-l,2124
128,,129,,,129,129,1675,1352,41,52,241,1595,495,1679,0.9499702204,1300,52,241,495,200,1100,True,False,Muhammad Javaid Hanif MQM,Muhammad Haris PTI,Al Farooq School near shahi Masjid Landhi No. 6 (Female),1679
129,,130,,,130,130,1171,84,166,84,166,440,440,1171,0.3757472246,0,84,166,440,0,0,False,True,Muhammad Haris PTI,Muhammad Haris PTI,Govt.Baldia Girls Secondary School 4/D landhi No.6 (Combined),1171
130,,131,,,131,131,1257,127,150,127,150,487,487,1257,0.3874303898,0,127,150,487,0,0,False,True,Muhammad Haris PTI,Muhammad Haris PTI,DMC Girls Secondary School SS/3 Area 40 landhi (Rasheedeea) (Combined),1257
131,,132,,,132,132,1778,96,236,96,236,571,571,1778,0.3211473566,0,96,236,571,0,0,False,True,Muhammad Haris PTI,Muhammad Haris PTI,DMC Girls Secondary School SS/3 Area 40 landhi (Rasheedeea) (Combined)-II,1778
132,,133,,,133,133,1480,126,211,126,211,600,600,1480,0.4054054054,0,126,211,600,0,0,False,True,Muhammad Haris PTI,Muhammad Haris PTI,DMC Girls Secondary School SS/3 Area 40 landhi (Rasheedeea) (Male),1480
133,,134,,,134,134,1400,30,139,30,139,261,261,1324,0.1971299094,0,30,139,261,0,0,False,True,Muhammad Haris PTI,Muhammad Haris PTI,DMC Girls Secondary School SS/3 Area 40 landhi (Rasheedeea) (FeMale),1324
134,,135,,,135,135,0,73,396,73,396,725,725,2298,0.3154917319,0,73,396,725,0,0,False,True,Muhammad Haris PTI,Muhammad Haris PTI,Baldia Muhammad All Jinnah RSL 66/67 K Area (Combined)-I,2298
135,,136,,,136,136,1036,28,190,Missing,Missing,366,Missing,1036,0.3532818533,0,28,190,366,0,0,False,True,Muhammad Haris PTI,Muhammad Haris PTI,Baldia Muhammad All Jinnah RSL 66/67 K Area (Combined)-II,1036
136,,137,,,137,137,0,30,283,30,283,775,775,1747,0.4436176302,0,30,283,775,0,0,False,True,Muhammad Haris PTI,Muhammad Haris PTI, Apwa Government Boys Secondary School J/1 Area (Comblned),1747
137,,138,,,138,138,1664,24,254,24,254,552,564,1664,0.3317307692,0,24,254,564,0,12,False,True,Muhammad Haris PTI,Muhammad Haris PTI, Apwa Government Boys Secondary School J/1 Area (Comblned)-II,1664
138,,139,,,139,139,0,82,435,Missing,Missing,877,Missing,2202,0.3982742961,0,82,435,877,0,0,False,True,Muhammad Haris PTI,Muhammad Haris PTI,Government Girls Primarv School No. 5 K Area Korangi (Male)-I,2202
139,,140,,,140,140,0,25,291,25,291,503,503,1709,0.2943241662,0,25,291,503,0,0,False,True,Muhammad Haris PTI,Muhammad Haris PTI,Government Girls Primarv School No. 5 K Area Korangi (FeMale)-I,1709
140,,141,,,141,141,0,38,385,38,385,847,847,1875,0.4517333333,0,38,385,847,0,0,False,True,Muhammad Haris PTI,Muhammad Haris PTI,Government Girls Lower Secondary School No. 5 K Area Korangi (Male)-I,1875
141,,142,,,142,142,1346,19,282,19,282,553,553,1675,0.3301492537,0,19,282,553,0,0,False,True,Muhammad Haris PTI,Muhammad Haris PTI,Government Girls Primarv School No. 5 K Area Korangi (FeMale)-II,1675
142,,143,,,143,143,0,38,365,38,365,710,710,1791,0.3964265773,0,38,365,710,0,0,False,True,Muhammad Haris PTI,Muhammad Haris PTI,Government Girls Primarv School No. 5 K Area Korangi (Combined)-I,1791
143,,144,,,144,144,472,31,213,31,213,472,472,1407,0.3354655295,0,31,213,472,0,0,False,True,Muhammad Haris PTI,Muhammad Haris PTI,DMC MAJ Campus 8 K AREA (Combined)-I,1407
144,1.0,145,0.3231270358306189,496.0,145,145,1535,73,225,Missing,Missing,495,Missing,1535,0.32247557,0,73,225,495,0,0,False,True,Muhammad Haris PTI,Muhammad Haris PTI,GBSS No. 3 51/B  Korangi 6 Campus (Male)-I,1535
145,2.0,146,0.18799368088467613,238.0,146,146,1266,25,136,Missing,Missing,238,Missing,1266,0.1879936809,0,25,136,238,0,0,False,True,Muhammad Haris PTI,Muhammad Haris PTI,GBSS No. 3 51/B  Korangi 6 Campus (FeMale)-I,1266
146,3.0,147,0.3029023746701847,574.0,147,147,1895,88,236,Missing,Missing,574,Missing,1895,0.3029023747,0,88,236,574,0,0,False,True,Muhammad Haris PTI,Muhammad Haris PTI,GBSS No. 3 51/B  Korangi 6 Campus (Male)-II,1895
147,4.0,148,0.15037086985839515,223.0,148,148,0,17,118,17,118,223,223,1483,0.1503708699,0,17,118,223,0,0,False,True,Muhammad Haris PTI,Muhammad Haris PTI,GBSS No. 3 51/B  Korangi 6 Campus (FeMale)-II,1483
148,5.0,149,0.3239090350338045,527.0,149,149,1627,75,206,Missing,Missing,528,Missing,1627,0.3245236632,0,75,206,528,0,0,False,True,Muhammad Haris PTI,Muhammad Haris PTI,GBSS No. 3 51/B  Korangi 6 Campus (Male)-III,1627
149,6.0,150,0.1903986981285598,234.0,150,150,1229,23,96,Missing,Missing,234,Missing,1229,0.1903986981,0,23,96,234,0,0,False,True,Muhammad Haris PTI,Muhammad Haris PTI,GBSS No. 3 51/B  Korangi 6 Campus (FeMale)-III,1229
150,7.0,151,0.4386467889908257,765.0,151,151,1744,1261,86,16,Missing,1664,Missing,1744,0.9541284404,1245,16,86,1664,0,0,False,False,Muhammad Javaid Hanif MQM,Muhammad Haris PTI,GBSS No. 3 51/B  Korangi 6 Campus (Male)-IV,1744
151,8.0,152,0.2546419098143236,384.0,152,152,1508,16,240,16,240,384,Missing,1508,0.2546419098,0,16,240,384,0,0,False,True,Muhammad Haris PTI,Muhammad Haris PTI,GBSS No. 3 51/B  Korangi 6 Campus (FeMale)-IV,1508
152,9.0,153,0.3143603133159269,602.0,153,153,1915,107,212,107,212,602,602,1915,0.3143603133,0,107,212,602,0,0,False,True,Muhammad Haris PTI,Muhammad Haris PTI,GBPS Roomi51/C (Male)-I,1915
153,10.0,154,0.1659919028340081,246.0,154,154,1482,30,126,30,126,246,246,1482,0.1659919028,0,30,126,246,0,0,False,True,Muhammad Haris PTI,Muhammad Haris PTI,GBPS Roomi51/C (FeMale)-I,1482
154,11.0,155,0.3176119402985075,532.0,155,155,1675,75,193,75,193,532,532,1675,0.3176119403,0,75,193,532,0,0,False,True,Muhammad Haris PTI,Muhammad Haris PTI,GBSS No3   51 B Korangl No.6 (Combined)-I,1675
155,12.0,156,0.3888354186717998,808.0,156,156,2018,75,424,75,424,808,808,2078,0.3888354187,0,75,424,808,0,0,False,True,Muhammad Haris PTI,Muhammad Haris PTI,GGSS No. 1 Korangi No. 6 (Male)-I,2078
156,13.0,157,0.2346749226006192,379.0,157,157,1615,1323,47,23,247,1479,379,1615,0.9157894737,1300,23,247,379,200,1100,True,False,Muhammad Javaid Hanif MQM,Muhammad Haris PTI,GGSS No. 1 Korangi No. 6 (FeMale)-I,1615
157,14.0,158,0.3854115327747659,782.0,158,158,2000,67,399,67,399,782,782,2029,0.3854115328,0,67,399,782,0,0,False,True,Muhammad Haris PTI,Muhammad Haris PTI,GGSS No. 1 Korangi No. 6 (Male)-II,2029
158,15.0,159,0.22555012224938875,369.0,159,159,1636,22,243,Missing,Missing,368,Missing,1636,0.2249388753,0,22,243,368,0,0,False,True,Muhammad Haris PTI,Muhammad Haris PTI,GGSS No. 2 Korangi No. 6 (FeMale)-I,1636
159,16.0,160,0.3774703557312253,573.0,160,160,1600,49,237,Missing,Missing,573,Missing,1518,0.3774703557,0,49,237,573,0,0,False,True,Muhammad Haris PTI,Muhammad Haris PTI,GGSS No. 2 Korangi No. 6 (Male)-I,1518
160,17.0,161,0.20565749235474007,269.0,161,161,1308,15,150,15,150,269,269,1308,0.2056574924,0,15,150,269,0,0,False,True,Muhammad Haris PTI,Muhammad Haris PTI,GGSS No. 2 Korangi No. 6 (FeMale)-II,1308
161,18.0,162,0.3320659062103929,524.0,162,162,0,51,278,0,259,580,432,1578,0.3675538657,51,0,259,432,19,148,True,True,Muhammad Haris PTI,Muhammad Haris PTI,Tayyaba School Sector 51-8 (Combined)-l,1578
162,19.0,163,0.3573725310059715,778.0,163,163,2177,102,357,102,357,786,786,2177,0.3610473128,0,102,357,786,0,0,False,True,Muhammad Haris PTI,Muhammad Haris PTI,GBSS KTS 1  Korangi 5 1/2    (Male)-I,2177
163,20.0,164,0.2082093991671624,350.0,164,164,1681,41,178,41,178,350,350,1681,0.2082093992,0,41,178,350,0,0,False,True,Muhammad Haris PTI,Muhammad Haris PTI,GBSS KTS 1  Korangi 5 1/2    (FeMale)-I,1681
164,21.0,165,0.37593984962406013,800.0,165,165,0,108,305,108,305,773,773,2128,0.3632518797,0,108,305,773,0,0,False,True,Muhammad Haris PTI,Muhammad Haris PTI,GBSS KTS 1  Korangi 5 1/2    (Male)-II,2128
165,22.0,166,1.0,1468.0,166,166,1468,22,129,Missing,129,1468,1468,1468,1.0,0,22,129,1468,0,0,False,True,Muhammad Haris PTI,Muhammad Haris PTI,GBSS KTS 1  Korangi 5 1/2    (FeMale)-II,1468
166,23.0,167,0.41979336595976074,772.0,167,167,1839,111,296,111,296,772,772,1839,0.419793366,0,111,296,772,0,0,False,True,Muhammad Haris PTI,Muhammad Haris PTI,GBPS KTS 1  Korangi 5 1/2    (Male)-I,1839
167,24.0,168,0.2396280400572246,335.0,168,168,1398,22,153,22,153,342,342,1398,0.2446351931,0,22,153,342,0,0,False,True,Muhammad Haris PTI,Muhammad Haris PTI,GBPS KTS 1  Korangi 5 1/2    (FeMale)-I,1398
168,25.0,169,0.2752571082879613,455.0,169,169,1653,47,142,Missing,142,459,459,1653,0.277676951,0,47,142,459,0,0,False,True,Muhammad Haris PTI,Muhammad Haris PTI,GGPS Korangii No.5 1/2 near KTS-1(Combined)-I,1653
169,26.0,170,0.30896686159844056,634.0,170,170,2050,1808,56,108,256,2036,636,2052,0.992202729,1700,108,256,636,200,1400,True,False,Muhammad Javaid Hanif MQM,Muhammad Haris PTI,GBSS D Area Korangi No. 5 1/2 (Male}-I,2052
170,27.0,171,0.1633254716981132,277.0,171,171,1696,30,161,30,161,278,278,1696,0.1639150943,0,30,161,278,0,0,False,True,Muhammad Haris PTI,Muhammad Haris PTI,GBSS D Area Korangi No. 5 1/2 (FeMale}-I,1696
171,28.0,172,0.296484375,759.0,172,172,0,128,356,128,356,758,758,2560,0.29609375,0,128,356,758,0,0,False,True,Muhammad Haris PTI,Muhammad Haris PTI,Govt Degree- Collage for Woman Korangi No. 6 (Combined)-I,2560
172,29.0,173,0.2667928098391675,564.0,173,173,2114,30,329,30,329,560,553,2114,0.2649006623,0,30,329,553,0,7,False,True,Muhammad Haris PTI,Muhammad Haris PTI,Govt Degree- Collage for Woman Korangi No. 6 (Combined)-II,2114
173,30.0,174,0.33115905669844453,660.0,174,174,1993,45,393,45,393,660,660,1993,0.3311590567,0,45,393,660,0,0,False,True,Muhammad Haris PTI,Muhammad Haris PTI,Govt Degree- Collage for Woman Korangi No. 6 (Combined)-III,1993
174,31.0,175,0.3351206434316354,625.0,175,175,1900,1582,25,1582,25,1825,1825,1865,0.9785522788,0,1582,25,1825,0,0,False,False,Muhammad Javaid Hanif MQM,Muhammad Javaid Hanif MQM,"Govt Polytechnic Institute (Boys), Korangi 5 1/2 near 4 poll (Male)-l",1865
175,32.0,176,0.216140350877193,308.0,176,176,1500,1134,22,311,122,1309,309,1425,0.9185964912,823,311,122,309,100,1000,True,False,Muhammad Javaid Hanif MQM,Muhammad Javaid Hanif MQM,"Govt Polytechnic Institute (Boys), Korangi 5 1/2 near 4 poll (FeMale)-l",1425
176,33.0,177,1.0486656200941915,2004.0,177,177,2004,94,332,94,332,2004,2004,1911,1.04866562,0,94,332,2004,0,0,False,True,Muhammad Haris PTI,Muhammad Haris PTI,"GBSS KTS N0.10, Korangl 5 1/2 G Market (Male)-I",1911
177,34.0,178,0.24058710912571793,377.0,178,178,0,39,219,39,219,373,373,1567,0.2380344608,0,39,219,373,0,0,False,True,Muhammad Haris PTI,Muhammad Haris PTI,"GBSS KTS N0.10, Korangl 5 1/2 G Market (FeMale)-I",1567
178,35.0,179,0.4124087591240876,678.0,179,179,1644,68,326,68,326,678,679,1644,0.4124087591,0,68,326,679,0,1,False,True,Muhammad Haris PTI,Muhammad Haris PTI,"GUBSS KTS N0.10, Korangl 5 1/2 G Market (Male)-I",1644
179,36.0,180,0.2704447632711621,377.0,180,180,1400,39,218,39,218,381,381,1394,0.2733142037,0,39,218,381,0,0,False,True,Muhammad Haris PTI,Muhammad Haris PTI,"GUBSS KTS N0.10, Korangl 5 1/2 G Market (FeMale)-I",1394
180,37.0,181,0.3981390793339863,813.0,181,181,2042,160,253,160,253,813,813,2042,0.3981390793,0,160,253,813,0,0,False,True,Muhammad Haris PTI,Muhammad Haris PTI,DMC School No 21/22 Korangl 5 1/2 (Combined)-I,2042
181,38.0,182,0.37469782433521354,930.0,182,182,0,1891,18,Missing,Missing,2113,Missing,2482,0.8513295729,0,1891,18,2113,0,0,False,False,Muhammad Javaid Hanif MQM,Muhammad Javaid Hanif MQM,DMC School No 21/22 Korangl 5 1/2 (Combined)-II,2482
182,39.0,183,0.3584195672624647,762.0,183,183,2126,123,299,123,299,762,762,2126,0.3584195673,0,123,299,762,0,0,False,True,Muhammad Haris PTI,Muhammad Haris PTI, GGSS (G10) Korangii 100- Quarters (Combined)-I,2126
183,40.0,184,0.38184663536776214,732.0,184,184,1917,1461,46,61,346,1830,730,1917,0.9546165884,1400,61,346,730,300,1100,True,False,Muhammad Javaid Hanif MQM,Muhammad Haris PTI, GGSS (G10) Korangii 100- Quarters (Combined)-II,1917
184,41.0,185,0.32973226867073746,702.0,185,185,2129,1849,72,49,372,2109,703,2129,0.9906059183,1800,49,372,703,300,1406,True,False,Muhammad Javaid Hanif MQM,Muhammad Haris PTI, GGSS (G10) Korangii 100- Quarters (Combined)-III,2129
185,42.0,186,0.3006295907660021,573.0,186,186,0,1550,46,50,246,1866,584,1906,0.9790136411,1500,50,246,584,200,1282,True,False,Muhammad Javaid Hanif MQM,Muhammad Haris PTI, GGSS (G10) Korangii 100- Quarters (Combined)-IV,1906
186,43.0,187,0.33296026860660327,595.0,187,187,1787,1442,7,42,307,1688,595,1787,0.9445998881,1400,42,307,595,300,1093,True,False,Muhammad Javaid Hanif MQM,Muhammad Haris PTI, GGSS (G10) Korangii 100- Quarters (Combined)-v,1787
187,44.0,188,0.32321981424148605,522.0,188,188,1615,47,256,47,256,522,522,1615,0.3232198142,0,47,256,522,0,0,False,True,Muhammad Haris PTI,Muhammad Haris PTI, DMC School No 19 / 20 Korangl 5 1/2 (Combined)-I,1615
188,45.0,189,0.35051546391752575,646.0,189,189,1843,89,281,89,281,646,646,1843,0.3505154639,0,89,281,646,0,0,False,True,Muhammad Haris PTI,Muhammad Haris PTI, DMC School No 19 / 20 Korangl 5 1/2 (Combined)-II,1843
189,46.0,190,0.31620553359683795,720.0,190,190,0,71,346,71,346,724,724,2277,0.317962231,0,71,346,724,0,0,False,True,Muhammad Haris PTI,Muhammad Haris PTI,GGSS (G10) Korangi 100-Quarters (Combined)-VI,2277
190,47.0,191,0.5597345132743363,1265.0,191,191,2260,1438,15,79,230,1858,638,2260,0.8221238938,1359,79,230,638,215,1220,True,False,Muhammad Javaid Hanif MQM,Muhammad Haris PTI,TCF School Korangl Coast Guard (Combined)-I,2260
191,48.0,192,0.22273190621814476,437.0,192,192,1962,256,318,56,318,840,840,1962,0.4281345566,200,56,318,840,0,0,False,True,Muhammad Haris PTI,Muhammad Haris PTI,"Star Public Sec. School 50/A, Korangii (Combined)-I",1962
192,49.0,193,0.4163890739506995,625.0,193,193,1501,52,320,52,320,527,627,1501,0.3510992672,0,52,320,627,0,100,False,True,Muhammad Haris PTI,Muhammad Haris PTI,Pak Foundation School 50/A. Korangl (Male)-I,1501
193,50.0,194,0.27592425608656446,306.0,194,194,0,29,177,29,177,306,306,1109,0.2759242561,0,29,177,306,0,0,False,True,Muhammad Haris PTI,Muhammad Haris PTI,Pak Foundation School 50/A. Korangl (FeMale)-I,1109
194,51.0,195,0.39858338699291695,619.0,195,195,1553,2,319,2,319,566,566,1553,0.3644558918,0,2,319,566,0,0,False,True,Muhammad Haris PTI,Muhammad Haris PTI,Afkaar English High School (Combined)-I,1553
195,52.0,196,0.325452016689847,468.0,196,196,1438,23,149,23,149,453,453,1438,0.3150208623,0,23,149,453,0,0,False,True,Muhammad Haris PTI,Muhammad Haris PTI,GUBPS KTS-17 Korangl Madeena Colony (Combined)-I,1438
196,53.0,197,0.3966565349544073,522.0,197,197,1314,31,161,31,161,522,522,1316,0.396656535,0,31,161,522,0,0,False,True,Muhammad Haris PTI,Muhammad Haris PTI,GUBPS KTS-17 Madina Colony (Combined)-I,1316
197,54.0,198,0.4286644951140065,658.0,198,198,1575,54,345,54,345,658,658,1535,0.4286644951,0,54,345,658,0,0,False,True,Muhammad Haris PTI,Muhammad Haris PTI,Jinnah Academy Ghous Pak Road (Combined)-I,1535
198,55.0,199,0.4785142024763292,657.0,199,199,1373,96,258,Missing,253,657,1373,1373,0.4785142025,0,96,253,1373,5,716,False,True,Muhammad Haris PTI,Muhammad Haris PTI,GUBPS 50/A Korangl (Male)-I,1373
199,56.0,200,0.3639112903225806,361.0,200,200,992,739,40,39,140,961,361,992,0.96875,700,39,140,361,100,600,True,False,Muhammad Javaid Hanif MQM,Muhammad Haris PTI,GUBPS 50/A Korangl (FeMale)-I,992
200,57.0,201,0.45818728092138206,915.0,201,201,1997,64,360,37,260,915,692,1997,0.4581872809,27,37,260,692,100,223,True,True,Muhammad Haris PTI,Muhammad Haris PTI,GUBPS 50/A Korangl (Combined)-I,1997
201,58.0,202,0.17412451361867703,358.0,202,202,0,1569,96,69,296,1981,983,2056,0.9635214008,1500,69,296,983,200,998,True,False,Muhammad Javaid Hanif MQM,Muhammad Haris PTI,The Faran Hlgh School Sector 50/C (Comblned)-I,2056
202,59.0,203,0.3682774746687451,945.0,203,203,2566,30,235,30,285,975,965,2566,0.3799688231,0,30,285,965,50,10,False,True,Muhammad Haris PTI,Muhammad Haris PTI,UN Academy 50/C (Combined)-I,2566
203,60.0,204,0.3427230046948357,438.0,204,204,1278,400,185,11,220,828,528,1278,0.6478873239,389,11,220,528,35,300,True,False,Muhammad Javaid Hanif MQM,Muhammad Haris PTI,The Fast  Educator School (Combined)-I,1278
204,61.0,205,0.3927272727272727,432.0,205,205,0,61,259,51,278,432,Missing,1100,0.3927272727,10,51,278,432,19,0,True,True,Muhammad Haris PTI,Muhammad Haris PTI,Tayyaba School Sector 51/8 (Combined)-II,1100
205,62.0,206,0.45473083197389885,1115.0,206,206,2542,2246,6,Missing,281,2417,933,2452,0.985725938,0,2246,281,933,275,1484,False,False,Muhammad Javaid Hanif MQM,Muhammad Javaid Hanif MQM,Cardinal Caderio Catholic School (Comblned)-I,2452
206,63.0,207,0.32154052843708014,718.0,207,207,2233,85,210,85,210,677,677,2233,0.303179579,0,85,210,677,0,0,False,True,Muhammad Haris PTI,Muhammad Haris PTI,Cardinal Caderio Catholic School (Comblned)-II,2233
207,64.0,208,0.31953743152769326,525.0,208,208,0,146,158,146,158,525,525,1643,0.3195374315,0,146,158,525,0,0,False,True,Muhammad Haris PTI,Muhammad Haris PTI,Govt. Boys Model Primary School Sector 48/E Korangl (Combined)-I,1643
208,65.0,209,0.5125051250512506,1250.0,209,209,0,2263,37,161,320,2439,Missing,2439,1.0,2102,161,320,2439,283,0,True,False,Muhammad Javaid Hanif MQM,Muhammad Haris PTI,Govt. Boys Model Primary School Sector 48/E Korangl (Male),2439
209,66.0,210,0.2672457843638222,523.0,210,210,1958,110,181,110,181,523,523,1957,0.2672457844,0,110,181,523,0,0,False,True,Muhammad Haris PTI,Muhammad Haris PTI,Govt. Boys Model Primary School Sector 48/E Korangl (Female)-I,1957
210,67.0,211,0.37850467289719625,567.0,211,211,1498,107,103,107,103,565,565,1498,0.3771695594,0,107,103,565,0,0,False,False,Muhammad Javaid Hanif MQM,Muhammad Javaid Hanif MQM,GBPS KTS NO.19 (Male)-I,1498
211,68.0,212,0.3015267175572519,316.0,212,212,0,53,0,53,0,268,316,1048,0.2557251908,0,53,0,316,0,48,False,False,Muhammad Javaid Hanif MQM,Muhammad Javaid Hanif MQM,GBPS KTS NO.19 (Female)-I,1048
212,69.0,213,0.4116331096196868,736.0,213,213,1788,237,113,237,113,743,743,1788,0.4155480984,0,237,113,743,0,0,False,False,Muhammad Javaid Hanif MQM,Muhammad Javaid Hanif MQM,GGPS Qayyum Abad sector 48/f korangi2  1/2 OppCost Guard (Combined)-I,1788
213,70.0,214,0.3277693474962064,648.0,214,214,0,77,123,77,123,632,Missing,1977,0.3196762772,0,77,123,632,0,0,False,True,Muhammad Haris PTI,Muhammad Haris PTI,Al-fayyaz English (Cost Guard) (Combined)-I,1977
214,71.0,215,0.43329253365973075,708.0,215,215,0,13,122,13,122,713,713,1634,0.4363525092,0,13,122,713,0,0,False,True,Muhammad Haris PTI,Muhammad Haris PTI,Al-fayyaz. English (Cost Guard) (Comblned)-II,1634
215,72.0,216,0.5523911875335841,1028.0,216,216,1861,123,239,123,239,1028,1028,1861,0.5523911875,0,123,239,1028,0,0,False,True,Muhammad Haris PTI,Muhammad Haris PTI,Cost Guard Public School Korangi (Male)-I,1861
216,73.0,217,0.48394160583941603,663.0,217,217,1310,58,151,Missing,Missing,663,Missing,1370,0.4839416058,0,58,151,663,0,0,False,True,Muhammad Haris PTI,Muhammad Haris PTI,Cost Guard Public School Korangi (Female)-I,1370
217,97.0,218,0.3361611876988335,634.0,218,218,0,1582,16,32,218,1834,634,1886,0.9724284199,1550,32,218,634,202,1200,True,False,Muhammad Javaid Hanif MQM,Muhammad Haris PTI,GBPS (KTS-7) Korangi 4 (Male),1886
218,98.0,219,0.1905396402398401,286.0,219,219,1507,1330,22,30,122,1486,286,1501,0.9900066622,1300,30,122,286,100,1200,True,False,Muhammad Javaid Hanif MQM,Muhammad Haris PTI,GBPS (KTS-7) Korangi 4 (Female),1501
219,99.0,220,0.40458015267175573,689.0,220,220,1803,1273,31,73,231,1592,692,1703,0.9348209043,1200,73,231,692,200,900,True,False,Muhammad Javaid Hanif MQM,Muhammad Haris PTI,GBPS (KTS-7) Korangi 4 (Male)-I,1703
220,100.0,221,0.25305073859987154,394.0,221,221,1557,1225,70,25,170,1498,Missing,1557,0.9621066153,1200,25,170,1498,100,0,True,False,Muhammad Javaid Hanif MQM,Muhammad Haris PTI,GBPS (KTS-7) Korangi 4 (Female)-II,1557
221,101.0,222,0.3303317535545024,697.0,222,222,2110,87,282,Missing,Missing,708,Missing,2110,0.3355450237,0,87,282,708,0,0,False,True,Muhammad Haris PTI,Muhammad Haris PTI,Muhammad Ali Jinnah English Medium School No.64 DMC campus VII F/Area (Combined)-I,2110
222,102.0,223,0.36895910780669144,794.0,223,223,2152,317,363,117,363,995,794,2152,0.4623605948,200,117,363,794,0,201,False,True,Muhammad Haris PTI,Muhammad Haris PTI,Khan Academy English C Area 5 1/2 (Combined)-I,2152
223,103.0,224,0.4969217238346526,565.0,224,224,1137,183,198,183,198,567,567,1137,0.4986807388,0,183,198,567,0,0,False,True,Muhammad Haris PTI,Muhammad Haris PTI,Muhammad Ali Jinnah English Medium School No.64 DMC campus VII F/Area (Combined)-II,1137
224,104.0,225,0.35318396226415094,599.0,225,225,1696,1387,57,87,257,1599,Missing,1696,0.9428066038,1300,87,257,1599,200,0,True,False,Muhammad Javaid Hanif MQM,Muhammad Haris PTI,Govt. Boys Degree Collage Korangi No. 06 (Male)-I,1696
225,105.0,226,0.20497362471740768,272.0,226,226,1327,1134,60,34,160,1272,272,1327,0.9585531274,1100,34,160,272,100,1000,True,False,Muhammad Javaid Hanif MQM,Muhammad Haris PTI,Govt. Boys Degree Collage Korangi No. 06 (Female)-I,1327
226,106.0,227,0.2845528455284553,560.0,227,227,0,64,289,64,289,558,558,1968,0.2835365854,0,64,289,558,0,0,False,True,Muhammad Haris PTI,Muhammad Haris PTI,GBPS KTS 16 Korangi 6 (Combined),1968
227,107.0,228,0.4716981132075472,550.0,228,228,1166,905,61,105,261,1156,551,1166,0.9914236707,800,105,261,551,200,605,True,False,Muhammad Javaid Hanif MQM,Muhammad Haris PTI,GGPS No. 9 Korangi 6 (Taulka education Office Female)(Male)-I,1166
228,108.0,229,0.3118393234672304,295.0,229,229,0,39,183,Missing,Missing,295,Missing,946,0.3118393235,0,39,183,295,0,0,False,True,Muhammad Haris PTI,Muhammad Haris PTI,GGPS No. 9 Korangi 6 (Taulka education Office Female)(Female)-I,946
229,109.0,230,0.2534184138559708,556.0,230,230,2193,1968,21,Missing,Missing,2172,Missing,2194,0.9899726527,0,1968,21,2172,0,0,False,False,Muhammad Javaid Hanif MQM,Muhammad Javaid Hanif MQM,Govt. Boys Degree Collage Korangi No. 06 (Combined)-I,2194
230,110.0,231,0.2111111111111111,209.0,231,231,990,20,99,20,99,209,209,990,0.2111111111,0,20,99,209,0,0,False,True,Muhammad Haris PTI,Muhammad Haris PTI,KDA Building Korangi No 4 (Combined),990
231,,232,,,232,232,1762,83,212,83,212,571,571,1762,0.3240635641,0,83,212,571,0,0,False,True,Muhammad Haris PTI,Muhammad Haris PTI,Babaza School Sector 35/A Zaman Town (Combined),1762
232,,233,,,233,233,0,1273,23,73,223,1530,Missing,1606,0.9526774595,1200,73,223,1530,200,0,True,False,Muhammad Javaid Hanif MQM,Muhammad Haris PTI,"Workers Model School, labour Square, Korangi (Male)-I",1606
233,,234,,,234,234,1424,1181,68,31,168,1893,393,1424,1.329353933,1150,31,168,393,100,1500,True,False,Muhammad Javaid Hanif MQM,Muhammad Haris PTI,"Workers Model School, labour Square, Korangi (Female)-I",1424
234,,235,,,235,235,2540,101,365,101,365,1066,1066,2540,0.4196850394,0,101,365,1066,0,0,False,True,Muhammad Haris PTI,Muhammad Haris PTI,GBPS 35/ A Zaman Town Korangi(Male}-I,2540
235,,236,,,236,236,2300,52,255,52,255,611,646,2255,0.2709534368,0,52,255,646,0,35,False,True,Muhammad Haris PTI,Muhammad Haris PTI,GBLSS  (King English) (Female)-I,2255
236,,237,,,237,237,0,2182,14,82,314,2549,949,2598,0.981139338,2100,82,314,949,300,1600,True,False,Muhammad Javaid Hanif MQM,Muhammad Haris PTI,Govt. Technical Collage For Women Zaman Town (Combined)-I,2598
237,,238,,,238,238,1445,22,223,Missing,Missing,517,Missing,1445,0.3577854671,0,22,223,517,0,0,False,True,Muhammad Haris PTI,Muhammad Haris PTI,GBPS 35/A Zaman Town Korangi (Combined}-I,1445
238,,239,,,239,239,1746,32,383,32,383,754,754,1746,0.4318442153,0,32,383,754,0,0,False,True,Muhammad Haris PTI,Muhammad Haris PTI,Sarfraz Camrbridge secondry School (Combined)-I,1746
239,,240,,,240,240,2169,41,421,41,421,836,836,2169,0.3854310742,0,41,421,836,0,0,False,True,Muhammad Haris PTI,Muhammad Haris PTI,Govt. Boys Primary School 35/C Korangi No3 1/2 (Male)-I,2169
240,,241,,,241,241,1800,21,241,21,241,447,447,1758,0.2542662116,0,21,241,447,0,0,False,True,Muhammad Haris PTI,Muhammad Haris PTI,Govt. Boys Primary School 35/C Korangi No3 1/2 (Female)-I,1758
241,,242,,,242,242,2291,41,419,41,419,869,869,2291,0.3793103448,0,41,419,869,0,0,False,True,Muhammad Haris PTI,Muhammad Haris PTI,GGSS No. 4 Korangi 3-1/2 (Male)-I,2291
242,,243,,,243,243,1811,16,226,16,226,1811,1811,1811,1.0,0,16,226,1811,0,0,False,True,Muhammad Haris PTI,Muhammad Haris PTI,GGSS No. 4 Korangi 3-1/2 (Female)-I,1811
243,,244,,,244,244,0,44,480,44,480,1121,1121,2712,0.4133480826,0,44,480,1121,0,0,False,True,Muhammad Haris PTI,Muhammad Haris PTI,GGSS No. 4 Korangi 3-1/2 (Male)-II,2712
244,,245,,,245,245,2272,19,304,19,304,546,546,2272,0.2403169014,0,19,304,546,0,0,False,True,Muhammad Haris PTI,Muhammad Haris PTI,GGSS No. 4 Korangi 3-1/2 (Female)-II,2272
245,,246,,,246,246,2260,33,471,33,471,951,951,2260,0.4207964602,0,33,471,951,0,0,False,True,Muhammad Haris PTI,Muhammad Haris PTI,GBSS No. 1 Korangi 4 (Male)-I,2260
246,,247,,,247,247,1797,15,255,15,255,475,475,1759,0.2700397953,0,15,255,475,0,0,False,True,Muhammad Haris PTI,Muhammad Haris PTI,GBSS No. 1 Korangi 4 (Female)-I,1759
247,,248,,,248,248,2652,57,805,57,805,1306,1306,2652,0.4924585219,0,57,805,1306,0,0,False,True,Muhammad Haris PTI,Muhammad Haris PTI,GBSS KTS No. 13 Khaddi Stop (Male)-I,2652
248,,249,,,249,249,2000,19,375,19,375,538,538,1936,0.277892562,0,19,375,538,0,0,False,True,Muhammad Haris PTI,Muhammad Haris PTI,GBSS KTS No. 13 Khaddi Stop (Female)-I,1936
249,,250,,,250,250,2172,130,325,130,325,980,980,2172,0.4511970534,0,130,325,980,0,0,False,True,Muhammad Haris PTI,Muhammad Haris PTI,KMC School RSK 17 Korangi Khaddi Area (Male)-I,2172
250,,251,,,251,251,0,47,223,47,223,492,492,1661,0.2962071042,0,47,223,492,0,0,False,True,Muhammad Haris PTI,Muhammad Haris PTI,KMC School RSK 17 Korangi Khaddi Area (Female)-I,1661
251,,252,,,252,252,1210,23,109,23,109,482,482,1210,0.3983471074,0,23,109,482,0,0,False,True,Muhammad Haris PTI,Muhammad Haris PTI,Shaan Grammer School Zaman Town Korangi (Combined)-I,1210
252,,253,,,253,253,1168,20,163,20,163,558,558,1168,0.477739726,0,20,163,558,0,0,False,True,Muhammad Haris PTI,Muhammad Haris PTI,Shaan Grammer School Zaman Town Korangi (Combined)-II,1168
253,,254,,,254,254,2652,83,459,83,459,1229,1229,2596,0.4734206471,0,83,459,1229,0,0,False,True,Muhammad Haris PTI,Muhammad Haris PTI,GBSS KTS No. 13 Khaddi Stop (Male)-II,2596
254,,255,,,255,255,2075,37,264,37,264,628,628,2075,0.3026506024,0,37,264,628,0,0,False,True,Muhammad Haris PTI,Muhammad Haris PTI,GBSS KTS No. 13 Khaddi Stop (Female)-II,2075
255,,256,,,256,256,1445,943,68,43,168,1365,569,1445,0.9446366782,900,43,168,569,100,796,True,False,Muhammad Javaid Hanif MQM,Muhammad Haris PTI,"Workers Model School, labour Square, Korangi (Combined)-I",1445
256,,257,,,257,257,0,1099,81,99,181,1562,662,1607,0.9719975109,1000,99,181,662,100,900,True,False,Muhammad Javaid Hanif MQM,Muhammad Haris PTI,"Workers Model School, labour Square, Korangi (Combined)-II",1607
257,,258,,,258,258,2350,89,319,89,319,1019,1019,2340,0.4354700855,0,89,319,1019,0,0,False,True,Muhammad Haris PTI,Muhammad Haris PTI,GBSS KTS No. 3 Sector 34/3 (Combined)-I,2340
258,,259,,,259,259,1204,45,90,45,90,269,269,1204,0.2234219269,0,45,90,269,0,0,False,True,Muhammad Haris PTI,Muhammad Haris PTI,Govt. Boys Degree Collage Korangi No. 02 1/2 (Combined)-I,1204
259,,260,,,260,260,0,90,314,90,314,756,756,2389,0.3164503977,0,90,314,756,0,0,False,True,Muhammad Haris PTI,Muhammad Haris PTI,Govt. Boys Degree Collage Korangi No. 02 1/2 (Combined)-II,2389
260,,261,,,261,261,1732,32,219,32,219,495,495,1732,0.2857967667,0,32,219,495,0,0,False,True,Muhammad Haris PTI,Muhammad Haris PTI,Urooj PIiot School 34 /2   (Combined),1732
261,,262,,,262,262,1350,40,216,40,216,531,531,1350,0.3933333333,0,40,216,531,0,0,False,True,Muhammad Haris PTI,Muhammad Haris PTI,Govt. Boys Degree Collage Korangi No. 02 1/2 (Combined)-III,1350
262,,263,,,263,263,1907,43,317,43,317,734,734,1997,0.367551327,0,43,317,734,0,0,False,True,Muhammad Haris PTI,Muhammad Haris PTI,Govt. Boys Degree Collage Korangi No. 02 1/2 (Combined)-IV,1997
263,,264,,,264,264,2110,44,248,44,248,658,660,2110,0.3118483412,0,44,248,660,0,2,False,True,Muhammad Haris PTI,Muhammad Haris PTI,New Daisy School (Combined)-I,2110
264,,265,,,265,265,1333,43,157,43,157,456,456,1333,0.3420855214,0,43,157,456,0,0,False,True,Muhammad Haris PTI,Muhammad Haris PTI,Al 5aher Acadamey O Area Korangi No. 3 {Combined)-I,1333
265,,266,,,266,266,0,44,183,44,183,685,685,2007,0.341305431,0,44,183,685,0,0,False,True,Muhammad Haris PTI,Muhammad Haris PTI,Pakistan Foundation School O Area plot 7 and 8 Korangl No. 3 (Combined)-I,2007
266,,267,,,267,267,1167,37,189,37,184,484,484,1166,0.4150943396,0,37,184,484,5,0,False,True,Muhammad Haris PTI,Muhammad Haris PTI,Nimbus School Korangi No.2 1/2 (Combined)-I,1166
267,,268,,,268,268,1714,41,197,41,197,579,579,1714,0.3378063011,0,41,197,579,0,0,False,True,Muhammad Haris PTI,Muhammad Haris PTI,Rose Heaven School 0 Area Korangi No 3 (Combined)-I,1714
268,,269,,,269,269,0,52,470,Missing,Missing,929,Missing,2806,0.3310762651,0,52,470,929,0,0,False,True,Muhammad Haris PTI,Muhammad Haris PTI,"Al Johar, DMC School No. 65, 35-B, Korangl No. 4 (Combined)-I",2806
269,,270,,,270,270,1384,69,262,69,262,642,642,1384,0.4638728324,0,69,262,642,0,0,False,True,Muhammad Haris PTI,Muhammad Haris PTI,DMC Elementary Collage Korangl No.5 Opposite Memon Technical Institute (Male)-I,1384
270,,271,,,271,271,0,302,298,21,168,688,330,1161,0.5925925926,281,21,168,330,130,358,True,False,Muhammad Javaid Hanif MQM,Muhammad Haris PTI,DMC Elementary Collage Korangl No.5 Opposite Memon Technical Institute (Female)-I,1161
271,,272,,,272,272,1726,130,225,130,226,660,660,1726,0.382387022,0,130,226,660,1,0,False,True,Muhammad Haris PTI,Muhammad Haris PTI,APWA Govemment Girls Secondary School Korangi N0.5 (Male)-I,1726
272,,273,,,273,273,0,1141,4,41,144,1334,318,1335,0.9992509363,1100,41,144,318,140,1016,True,False,Muhammad Javaid Hanif MQM,Muhammad Haris PTI,APWA Govemment Girls Secondary School Korangi N0.5 (Female)-I,1335
273,,274,,,274,274,0,1918,471,118,471,2897,1111,2965,0.9770657673,1800,118,471,1111,0,1786,False,False,Muhammad Javaid Hanif MQM,Muhammad Haris PTI,DMC Elementary Collage Korangl No.5 Opposite Memon Technical Institute (Male)-II,2965
274,,275,,,275,275,2512,40,253,40,253,487,487,2512,0.1938694268,0,40,253,487,0,0,False,True,Muhammad Haris PTI,Muhammad Haris PTI,DMC Elementary Collage Korangl No.5 Opposite Memon Technical Institute (Female)-II,2512
275,77.0,276,0.21019108280254778,528.0,276,276,2512,51,195,51,195,529,529,2512,0.210589172,0,51,195,529,0,0,False,True,Muhammad Haris PTI,Muhammad Haris PTI,ALLIED SCHOOLS GUL MILLAT (Combined),2512
276,78.0,277,0.2636255924170616,445.0,277,277,1688,86,129,86,129,445,445,1688,0.2636255924,0,86,129,445,0,0,False,True,Muhammad Haris PTI,Muhammad Haris PTI,LS-60 CDGK SECTOR-10 LANDHI (Combined)-I,1688
277,79.0,278,0.23504273504273504,385.0,278,278,1638,55,122,55,122,385,385,1638,0.235042735,0,55,122,385,0,0,False,True,Muhammad Haris PTI,Muhammad Haris PTI,ALLIED SCHOOLS GUL MILLAT (Combined)-II,1638
278,80.0,279,0.2017738359201774,182.0,279,279,0,212,125,Missing,Unclear,449,Unclear,902,0.4977827051,0,212,125,449,0,0,False,False,Muhammad Javaid Hanif MQM,Muhammad Javaid Hanif MQM,The Exhort School and Collaglate (Combined)-I,902
279,81.0,280,0.23699421965317918,779.0,280,280,3287,2729,47,29,247,3181,770,3287,0.9677517493,2700,29,247,770,200,2411,True,False,Muhammad Javaid Hanif MQM,Muhammad Haris PTI,Hilal-e-Pakistan Secondarv School (Combined)-I,3287
280,82.0,281,0.41034031413612565,627.0,281,281,1528,1019,53,19,153,1427,627,1528,0.9339005236,1000,19,153,627,100,800,True,False,Muhammad Javaid Hanif MQM,Muhammad Haris PTI,Hilal-e-Pakistan Secondarv School (Combined)-II,1528
281,83.0,282,0.36545961002785515,656.0,282,282,0,1319,31,9,231,1769,660,1795,0.9855153203,1310,9,231,660,200,1109,True,False,Muhammad Javaid Hanif MQM,Muhammad Haris PTI,ISLAMIC ENGLISH Acadey Awami (Combined)-I,1795
282,84.0,283,0.2549450549450549,232.0,283,283,710,611,3,11,53,281,Missing,910,0.3087912088,600,11,53,281,50,0,True,False,Muhammad Javaid Hanif MQM,Muhammad Haris PTI,ISLAMIC ENGLISH Acadey Awami (Combined)-II,910
283,85.0,284,0.36383374689826303,1173.0,284,284,3224,2517,26,17,526,3068,1168,3224,0.9516129032,2500,17,526,1168,500,1900,True,False,Muhammad Javaid Hanif MQM,Muhammad Haris PTI,GBPS FRIENDS OF EDUCATION SCHOOL AWAMI (Combined)-I,3224
284,86.0,285,0.3173836698858648,723.0,285,285,2298,13,165,13,165,723,723,2278,0.3173836699,0,13,165,723,0,0,False,True,Muhammad Haris PTI,Muhammad Haris PTI,GBPS AWAMI COLONY (Combined)-I,2278
285,87.0,286,0.4547069271758437,768.0,286,286,0,1140,26,40,226,1624,763,1689,0.9615156898,1100,40,226,763,200,861,True,False,Muhammad Javaid Hanif MQM,Muhammad Haris PTI,Ali MODEL ENGLISH SCHOOL AWAMI COLONY (Combined)-I,1689
286,88.0,287,0.532941943900848,817.0,287,287,1533,76,125,76,125,816,816,1533,0.5322896282,0,76,125,816,0,0,False,True,Muhammad Haris PTI,Muhammad Haris PTI,The Real Academy (Combined)-I,1533
